serial,type,admits,price,sig,check,sold,buyer,phone,seller,sold_at
S-001,S,1,50,bb891f01b2207bcd,BB89,0,,,,
S-002,S,1,50,e76baab3d497ca1f,E76B,0,,,,
S-003,S,1,50,a24c0a58b7b9fc76,A24C,0,,,,
S-004,S,1,50,c7585cfc817f7a68,C758,0,,,,
S-005,S,1,50,a3f2aab316a468e9,A3F2,0,,,,
S-006,S,1,50,7e2fcd824441d8bf,7E2F,0,,,,
S-007,S,1,50,032e3d2bb541a964,032E,0,,,,
S-008,S,1,50,e0ec849b35fc18b0,E0EC,0,,,,
S-009,S,1,50,95f6a2f8174ebe49,95F6,0,,,,
S-010,S,1,50,b8f1782b9f2a1fff,B8F1,0,,,,
S-011,S,1,50,f03d3853c18c9ded,F03D,0,,,,
S-012,S,1,50,e03b08d70752dcd3,E03B,0,,,,
S-013,S,1,50,9aabd77842b6ccbf,9AAB,0,,,,
S-014,S,1,50,b1fe60ecc840f53f,B1FE,0,,,,
S-015,S,1,50,e0d8f06c1195d053,E0D8,0,,,,
S-016,S,1,50,0a006b1b09f53b00,0A00,0,,,,
S-017,S,1,50,c703e95beaf33979,C703,0,,,,
S-018,S,1,50,f5634f7d210ea215,F563,0,,,,
S-019,S,1,50,cff51cd6cc055117,CFF5,0,,,,
S-020,S,1,50,76f9c5d1e0189d61,76F9,0,,,,
S-021,S,1,50,305cba218af02c6b,305C,0,,,,
S-022,S,1,50,0eb4a71692cd816b,0EB4,0,,,,
S-023,S,1,50,00293fa95aec0289,0029,0,,,,
S-024,S,1,50,149680fd8965fc54,1496,0,,,,
S-025,S,1,50,4c9ebc297491017b,4C9E,0,,,,
S-026,S,1,50,a7afbb010aa2827d,A7AF,0,,,,
S-027,S,1,50,9307db9d901ec23d,9307,0,,,,
S-028,S,1,50,d5db501dacd44ec8,D5DB,0,,,,
S-029,S,1,50,91080503292576f4,9108,0,,,,
S-030,S,1,50,d38bec97d74bba2f,D38B,0,,,,
S-031,S,1,50,ba71569b17b7eb42,BA71,0,,,,
S-032,S,1,50,1568d3951d15d74a,1568,0,,,,
S-033,S,1,50,fa9fac04c8a7893d,FA9F,0,,,,
S-034,S,1,50,5ce00c31b5b6a02d,5CE0,0,,,,
S-035,S,1,50,817a672989318bb0,817A,0,,,,
S-036,S,1,50,34433b87d3b1fa6b,3443,0,,,,
S-037,S,1,50,5f4faf05c6f417c7,5F4F,0,,,,
S-038,S,1,50,f7afd5d1672b9e6f,F7AF,0,,,,
S-039,S,1,50,ad2b51f1032f231c,AD2B,0,,,,
S-040,S,1,50,4f268de5abec5a8f,4F26,0,,,,
S-041,S,1,50,acfcda9a5162f52d,ACFC,0,,,,
S-042,S,1,50,99c4d6e16ddf8a8f,99C4,0,,,,
S-043,S,1,50,bbfc97c4a0df4db4,BBFC,0,,,,
S-044,S,1,50,15e2e2dd441ffec0,15E2,0,,,,
S-045,S,1,50,fbf24f31075652e8,FBF2,0,,,,
S-046,S,1,50,a9352cf592a068ce,A935,0,,,,
S-047,S,1,50,e7063c85f1fab52f,E706,0,,,,
S-048,S,1,50,0a86621846700798,0A86,0,,,,
S-049,S,1,50,9066659658882885,9066,0,,,,
S-050,S,1,50,59b705f4c5f91f2d,59B7,0,,,,
S-051,S,1,50,6a8afee6b9bd329c,6A8A,0,,,,
S-052,S,1,50,1d68a5b2811b3ba1,1D68,0,,,,
S-053,S,1,50,ff286c7690eeb439,FF28,0,,,,
S-054,S,1,50,b7c70d5b07bd4058,B7C7,0,,,,
S-055,S,1,50,e3e8fbc501f915d5,E3E8,0,,,,
S-056,S,1,50,6fc61c4093980630,6FC6,0,,,,
S-057,S,1,50,2c9fb367f753e3d4,2C9F,0,,,,
S-058,S,1,50,67c883e48d95bb22,67C8,0,,,,
S-059,S,1,50,b3a36508d9bf5a0e,B3A3,0,,,,
S-060,S,1,50,25dbf3baf22ff935,25DB,0,,,,
S-061,S,1,50,fc617e499b475cbb,FC61,0,,,,
S-062,S,1,50,fd088970382dbdd1,FD08,0,,,,
S-063,S,1,50,cc521f4c3c271813,CC52,0,,,,
S-064,S,1,50,4417c11af41a3ad9,4417,0,,,,
S-065,S,1,50,9d5f81b98344c1e1,9D5F,0,,,,
S-066,S,1,50,627c79adfef0b0b2,627C,0,,,,
S-067,S,1,50,d96586eb1b54cc8e,D965,0,,,,
S-068,S,1,50,9d0c6ab760c6ad50,9D0C,0,,,,
S-069,S,1,50,8bf3270143cff1a3,8BF3,0,,,,
S-070,S,1,50,8c0589fed288540a,8C05,0,,,,
S-071,S,1,50,8b574b25d8e64686,8B57,0,,,,
S-072,S,1,50,991d5c4e19bee147,991D,0,,,,
S-073,S,1,50,ffb8df5f176bf551,FFB8,0,,,,
S-074,S,1,50,fb9f97b90d985eb9,FB9F,0,,,,
S-075,S,1,50,7df1607b24d5780c,7DF1,0,,,,
S-076,S,1,50,9719dc11c324218c,9719,0,,,,
S-077,S,1,50,5d1aa2d5edf6e3d7,5D1A,0,,,,
S-078,S,1,50,a5793905f1dc6100,A579,0,,,,
S-079,S,1,50,67effee31e00eff4,67EF,0,,,,
S-080,S,1,50,70d7c066da477d59,70D7,0,,,,
S-081,S,1,50,f2fda4615e6728ba,F2FD,0,,,,
S-082,S,1,50,e15543648ede6dfa,E155,0,,,,
S-083,S,1,50,4d3e11041bc15ca0,4D3E,0,,,,
S-084,S,1,50,2f0c6bd8d844c581,2F0C,0,,,,
S-085,S,1,50,3247e78c3ce95d1b,3247,0,,,,
S-086,S,1,50,aca1b3c95bcb6ff2,ACA1,0,,,,
S-087,S,1,50,097b28b7123c45d7,097B,0,,,,
S-088,S,1,50,5c4aabf4ec06cad6,5C4A,0,,,,
S-089,S,1,50,4cd2df5838bf5c04,4CD2,0,,,,
S-090,S,1,50,911b54e4daac280a,911B,0,,,,
S-091,S,1,50,0922e180b6165084,0922,0,,,,
S-092,S,1,50,fe0ba9965c58157e,FE0B,0,,,,
S-093,S,1,50,d82204241bc96e77,D822,0,,,,
S-094,S,1,50,350ce12148509031,350C,0,,,,
S-095,S,1,50,ff991a26cfafd798,FF99,0,,,,
S-096,S,1,50,16d09549a2d3300c,16D0,0,,,,
S-097,S,1,50,28d70850b8042c93,28D7,0,,,,
S-098,S,1,50,dc45cd4032498b10,DC45,0,,,,
S-099,S,1,50,f6ba235ac9fd6a6b,F6BA,0,,,,
S-100,S,1,50,7425eba9be7f9230,7425,0,,,,
S-101,S,1,50,2a1836b5c13af0b2,2A18,0,,,,
S-102,S,1,50,136670109a1f5778,1366,0,,,,
S-103,S,1,50,24166ef31667757d,2416,0,,,,
S-104,S,1,50,0b7dfbc2d0dc8329,0B7D,0,,,,
S-105,S,1,50,eebca7f87d592b55,EEBC,0,,,,
S-106,S,1,50,84db6d50d0b6a1aa,84DB,0,,,,
S-107,S,1,50,5a5624960fb1c772,5A56,0,,,,
S-108,S,1,50,05c3632565998b0e,05C3,0,,,,
S-109,S,1,50,15761becdbd7bc55,1576,0,,,,
S-110,S,1,50,2e2af48e33f2d27a,2E2A,0,,,,
S-111,S,1,50,93b96521f1d6f6fa,93B9,0,,,,
S-112,S,1,50,6bc7da0a70cc3232,6BC7,0,,,,
S-113,S,1,50,177105018b570738,1771,0,,,,
S-114,S,1,50,0f62277900f34b90,0F62,0,,,,
S-115,S,1,50,64a98d6fc61c1f36,64A9,0,,,,
S-116,S,1,50,e3ca8d6222fe6743,E3CA,0,,,,
S-117,S,1,50,e7958f1e9f817d61,E795,0,,,,
S-118,S,1,50,0e204d64589a5e1b,0E20,0,,,,
S-119,S,1,50,20c5ad8adaefcf85,20C5,0,,,,
S-120,S,1,50,b82a7c2d87f552a5,B82A,0,,,,
D-001,D,2,80,c5075df2c7b3c9fc,C507,0,,,,
D-002,D,2,80,61fd046f8694b12b,61FD,0,,,,
D-003,D,2,80,d6a0a20d73d082cf,D6A0,0,,,,
D-004,D,2,80,6b42b33923cd2416,6B42,0,,,,
D-005,D,2,80,f9c0bee0660e928c,F9C0,0,,,,
D-006,D,2,80,e84f4a0d4c429d2d,E84F,0,,,,
D-007,D,2,80,f35984a8872e4ade,F359,0,,,,
D-008,D,2,80,4e3c2da694ec6b14,4E3C,0,,,,
D-009,D,2,80,759baab2f55d6a82,759B,0,,,,
D-010,D,2,80,fbe4c880c9da8021,FBE4,0,,,,
D-011,D,2,80,ab3eb3a43c3b36f5,AB3E,0,,,,
D-012,D,2,80,83c344bace603fbc,83C3,0,,,,
D-013,D,2,80,65a0c493fd50abd0,65A0,0,,,,
D-014,D,2,80,bdcfc6ae4aec2bc2,BDCF,0,,,,
D-015,D,2,80,1a22af052cd37e44,1A22,0,,,,
D-016,D,2,80,b0b960859cd132c7,B0B9,0,,,,
D-017,D,2,80,b101c3ef60603134,B101,0,,,,
D-018,D,2,80,e5af5096da47f50e,E5AF,0,,,,
D-019,D,2,80,87cf4b481608f71b,87CF,0,,,,
D-020,D,2,80,a52839c98636b352,A528,0,,,,
D-021,D,2,80,a7475a8a5d1dbe7b,A747,0,,,,
D-022,D,2,80,3133b34c922f47b3,3133,0,,,,
D-023,D,2,80,2c1b4005b2380848,2C1B,0,,,,
D-024,D,2,80,430d29793cb35be3,430D,0,,,,
D-025,D,2,80,85d47354a3633604,85D4,0,,,,
D-026,D,2,80,2c96963a5585fbff,2C96,0,,,,
D-027,D,2,80,d152a4499c202522,D152,0,,,,
D-028,D,2,80,5613d1144b830dde,5613,0,,,,
D-029,D,2,80,6ac467886e23bb3d,6AC4,0,,,,
D-030,D,2,80,4b900d15e3bacecc,4B90,0,,,,
D-031,D,2,80,3ac9bcfbdca39178,3AC9,0,,,,
D-032,D,2,80,8ba9eb287142d48f,8BA9,0,,,,
D-033,D,2,80,c736565c7b4464b6,C736,0,,,,
D-034,D,2,80,0b3159803796f8b3,0B31,0,,,,
D-035,D,2,80,0b77838199315093,0B77,0,,,,
D-036,D,2,80,8a7de81e0a84fbe3,8A7D,0,,,,
D-037,D,2,80,fa705044a614005b,FA70,0,,,,
D-038,D,2,80,a941af0feb37b9e7,A941,0,,,,
D-039,D,2,80,6e79102e3c5bb07f,6E79,0,,,,
D-040,D,2,80,50430517fe0163d3,5043,0,,,,
D-041,D,2,80,9d33c1688c5d2012,9D33,0,,,,
D-042,D,2,80,1d689028ace6e10f,1D68,0,,,,
D-043,D,2,80,8dc3ee689b4b5f00,8DC3,0,,,,
D-044,D,2,80,b8e69dc2673822e1,B8E6,0,,,,
D-045,D,2,80,54b1f3d538711fa5,54B1,0,,,,
D-046,D,2,80,a6a63a037b4b06ac,A6A6,0,,,,
D-047,D,2,80,7182274b51a61272,7182,0,,,,
D-048,D,2,80,af2516f226a2410c,AF25,0,,,,
D-049,D,2,80,79d82f378100b943,79D8,0,,,,
D-050,D,2,80,11c6dd25718d0b97,11C6,0,,,,
D-051,D,2,80,87b945a6fb44915d,87B9,0,,,,
D-052,D,2,80,97a7f8ba7c0649b3,97A7,0,,,,
D-053,D,2,80,4bf57df2508ca764,4BF5,0,,,,
D-054,D,2,80,55e99d753e3d8bb7,55E9,0,,,,
D-055,D,2,80,675692136509dbe1,6756,0,,,,
D-056,D,2,80,c17b78747f4bcdcf,C17B,0,,,,
D-057,D,2,80,31c7906378be883c,31C7,0,,,,
D-058,D,2,80,c182c792ecce57fe,C182,0,,,,
D-059,D,2,80,acaf0ade406c67b7,ACAF,0,,,,
D-060,D,2,80,99aba71a8d9c8db8,99AB,0,,,,
D-061,D,2,80,2c0350931ed729a0,2C03,0,,,,
D-062,D,2,80,35fd8a0a56323c71,35FD,0,,,,
D-063,D,2,80,02dc5d683fdb073d,02DC,0,,,,
D-064,D,2,80,93c7b42de70bad6c,93C7,0,,,,
D-065,D,2,80,804001446bc015fe,8040,0,,,,
D-066,D,2,80,755b30998048a5b3,755B,0,,,,
D-067,D,2,80,ed7c836417ec27a7,ED7C,0,,,,
D-068,D,2,80,5996195f778de2e3,5996,0,,,,
D-069,D,2,80,fe32c9d1c147adfc,FE32,0,,,,
D-070,D,2,80,896589d27376a4b6,8965,0,,,,
D-071,D,2,80,8543651155991019,8543,0,,,,
D-072,D,2,80,ee667291577e2088,EE66,0,,,,
D-073,D,2,80,7186de1bead01a2f,7186,0,,,,
D-074,D,2,80,c3464ef610e993a5,C346,0,,,,
D-075,D,2,80,386979bbd4daf096,3869,0,,,,
D-076,D,2,80,f0c19a2915c78669,F0C1,0,,,,
D-077,D,2,80,aff5167395217444,AFF5,0,,,,
D-078,D,2,80,7b58e8c89de9aced,7B58,0,,,,
D-079,D,2,80,5368ec77ffd37c60,5368,0,,,,
D-080,D,2,80,541ebea089e21e2a,541E,0,,,,
